constituency,year,funds_available,sanctioned_funds,actual_expenditure,works_sanctioned,works_completed,pending_works,pct_completed,pct_utilisation,expenditure_to_sanctioned_pct,pending_share_pct,completion_gap_pct,avg_sanction_per_work_lakh
Ajitgarh,2010,495.53999999999996,482.98,326.775,5121.0,4925.0,269.5,95.025,93.305,97.31905141737964,4.889084482912789,-0.40500000000000114,0.5712261597873417
Ajitgarh,2011,495.53999999999996,482.98,326.775,5121.0,4925.0,269.5,95.025,93.305,97.31905141737964,4.889084482912789,-0.40500000000000114,0.5712261597873417
Ajitgarh,2012,495.53999999999996,482.98,326.775,5121.0,4925.0,269.5,95.025,93.305,97.31905141737964,4.889084482912789,-0.40500000000000114,0.5712261597873417
Ajitgarh,2013,495.53999999999996,482.98,326.775,5121.0,4925.0,269.5,95.025,93.305,97.31905141737964,4.889084482912789,-0.40500000000000114,0.5712261597873417
Ajitgarh,2014,495.53999999999996,482.98,326.775,5121.0,4925.0,269.5,95.025,93.305,97.31905141737964,4.889084482912789,-0.40500000000000114,0.5712261597873417
Ajitgarh,2015,5932.38,5072.47,4601.92,4150.0,3549.0,601.0,85.52,77.57,90.72345425404193,14.481927710843374,-7.950000000000003,1.2222819277108434
Ajitgarh,2016,7218.89,5875.03,6689.68,4550.0,4052.0,498.0,89.05,92.67,113.86631217202296,10.945054945054943,3.620000000000005,1.2912153846153849
Ajitgarh,2017,85.01,79.26,73.74,5515.0,4444.0,1071.0,80.58,86.74,93.0355791067373,19.41976427923844,6.159999999999997,0.0143717135086128
Ajitgarh,2018,23.64,23.17,21.14,1370.0,750.0,620.0,54.74,89.43,91.23867069486404,45.25547445255474,34.690000000000005,0.016912408759124
Ajitgarh,2019,26.24,44.86,21.91,1539.0,704.0,835.0,45.74,83.5,48.84083816317432,54.25601039636128,37.76,0.0291487979207277
Ajitgarh,2020,26.25,25.32,23.49,1527.0,1052.0,475.0,68.89,89.48,92.77251184834122,31.10674525212836,20.590000000000003,0.0165815324165029
Ajitgarh,2021,26.27,25.15,24.98,1518.0,1431.0,87.0,94.27,95.09,99.324055666004,5.731225296442688,0.8200000000000074,0.0165678524374176
Ajitgarh,2022,30.07,27.32,24.98,1524.0,1465.0,59.0,96.13,83.05,91.43484626647144,3.8713910761154855,-13.079999999999998,0.0179265091863517
Amritsar,2010,7388.04,7354.19,7139.66,6402.0,6012.0,390.0,93.91,96.64,97.08288744239678,6.091846298031865,2.730000000000004,1.1487332083723836
Amritsar,2011,8012.95,7940.23,7501.85,6624.0,6245.0,379.0,94.28,93.62,94.4790012379994,5.721618357487923,-0.6599999999999966,1.1987062198067633
Amritsar,2012,8269.56,7962.73,7868.81,6627.0,6331.0,296.0,95.53,95.15,98.82050502779826,4.46657612796137,-0.3799999999999954,1.2015587747095215
Amritsar,2013,8720.35,8958.71,8311.78,6667.0,6624.0,43.0,99.36,95.31,92.7787594419286,0.6449677516124194,-4.049999999999997,1.3437393130343482
Amritsar,2014,9264.8,9014.8,8746.8,6669.0,6626.0,43.0,99.36,94.41,97.02711097306651,0.6447743289848553,-4.950000000000003,1.3517468885889938
Amritsar,2015,9776.87,8966.4,9471.5,6669.0,6665.0,4.0,99.94,96.88,105.63325303354748,0.0599790073474284,-3.0600000000000023,1.344489428699955
Amritsar,2016,10837.87,9137.95,10258.77,6701.0,6667.0,34.0,99.49,94.66,112.26555190168472,0.5073869571705716,-4.829999999999998,1.3636696015520071
Amritsar,2017,123.63,120.6,115.97,7740.0,7394.0,346.0,95.53,93.8,96.16086235489222,4.470284237726098,-1.730000000000004,0.0155813953488372
Amritsar,2018,123.68,120.45,115.4,8072.0,7534.0,538.0,93.33,93.3,95.80738895807389,6.665014866204163,-0.0300000000000011,0.0149219524281466
Amritsar,2019,123.82,120.45,115.53,8072.0,7534.0,538.0,93.33,93.31,95.91531755915317,6.665014866204163,-0.019999999999996,0.0149219524281466
Amritsar,2020,129.16,127.95,125.43,8135.0,7629.0,506.0,93.78,97.11,98.03048065650644,6.220036877688998,3.3299999999999983,0.0157283343577135
Amritsar,2021,135.52,133.9,133.49,8237.0,7757.0,480.0,94.17,98.5,99.69380134428678,5.827364331674153,4.329999999999998,0.0162559184168993
Amritsar,2022,142.13,136.64,136.11,8425.0,7936.0,489.0,94.2,95.77,99.61211943793911,5.804154302670623,1.5699999999999932,0.0162183976261127
Bathinda,2010,2951.27,2841.33,2808.86,3233.0,3212.0,21.0,99.35,95.17,98.85722531349757,0.6495515001546551,-4.179999999999993,0.8788524590163934
Bathinda,2011,3313.32,3227.72,2918.79,3373.0,3240.0,133.0,96.06,88.09,90.42884760759918,3.9430773791876663,-7.969999999999999,0.9569285502520012
Bathinda,2012,3824.25,3564.19,3250.07,3504.0,3323.0,181.0,94.83,84.99,91.18677736035396,5.165525114155251,-9.840000000000003,1.017177511415525
Bathinda,2013,4592.59,4588.79,4274.0,3980.0,3553.0,427.0,89.27,93.06,93.14002166148374,10.728643216080402,3.7900000000000063,1.152962311557789
Bathinda,2014,4844.68,4545.01,4507.61,3975.0,3887.0,88.0,97.79,93.04,99.17711952228926,2.2138364779874213,-4.75,1.143398742138365
Bathinda,2015,5319.55,4517.7,4938.12,3971.0,3969.0,2.0,99.95,92.83,109.30606281957634,0.0503651473180559,-7.1200000000000045,1.1376731301939058
Bathinda,2016,6109.73,4517.7,5792.73,3971.0,3971.0,0.0,100.0,94.81,128.22298957434094,0.0,-5.189999999999998,1.1376731301939058
Bathinda,2017,63.63,60.04,59.31,4745.0,4659.0,86.0,98.19,93.21,98.78414390406397,1.8124341412012648,-4.980000000000004,0.0126533192834562
Bathinda,2018,63.8,61.52,60.81,4829.0,4738.0,91.0,98.12,95.3,98.84590377113132,1.8844481259059849,-2.8200000000000074,0.012739697659971
Bathinda,2019,71.37,69.14,67.24,5033.0,4791.0,242.0,95.19,94.22,97.25195256002311,4.808265448042917,-0.9699999999999988,0.0137373335982515
Bathinda,2020,76.47,71.32,70.39,5180.0,4931.0,249.0,95.19,92.04,98.69601794727988,4.806949806949807,-3.1499999999999915,0.0137683397683397
Bathinda,2021,78.65,75.03,73.81,5236.0,5097.0,139.0,97.35,93.85,98.3739837398374,2.654698242933537,-3.5,0.014329640947288
Bathinda,2022,78.01,75.67,74.53,5234.0,5170.0,64.0,98.78,95.54,98.49345843795427,1.222774168895682,-3.239999999999995,0.0144573939625525
Faridkot,2010,3613.72,3539.88,3373.66,5034.0,4822.0,212.0,95.79,93.36,95.30436059979434,4.211362733412793,-2.430000000000007,0.7031942789034565
Faridkot,2011,3947.08,3931.96,3649.76,5314.0,5025.0,289.0,94.56,92.47,92.8229178323279,5.438464433571697,-2.0900000000000034,0.7399247271358675
Faridkot,2012,4454.06,4405.08,4151.88,5647.0,5374.0,273.0,95.17,93.22,94.25209076793158,4.8344253585974855,-1.9500000000000028,0.7800743757747476
Faridkot,2013,5215.06,5215.05,5019.07,6121.0,5898.0,223.0,96.36,96.24,96.2420302777538,3.643195556281653,-0.1200000000000045,0.8519931383760824
Faridkot,2014,5474.68,5207.65,5171.19,6119.0,6026.0,93.0,98.48,94.46,99.29987614375004,1.5198561856512502,-4.02000000000001,0.8510622650759927
Faridkot,2015,6013.0,5223.44,5417.73,6115.0,6072.0,43.0,99.3,90.1,103.71957943424258,0.7031888798037612,-9.200000000000005,0.8542011447260833
Faridkot,2016,6785.23,5223.95,6257.18,6100.0,6099.0,1.0,99.98,92.22,119.7787115114042,0.0163934426229508,-7.760000000000005,0.8563852459016393
Faridkot,2017,70.17,69.91,66.77,7105.0,6874.0,231.0,96.75,95.15,95.50851094264054,3.251231527093596,-1.5999999999999943,0.0098395496129486
Faridkot,2018,75.26,75.03,70.61,7351.0,7002.0,349.0,95.25,93.82,94.1090230574437,4.74765338049245,-1.4300000000000068,0.0102067745884913
Faridkot,2019,77.76,75.16,74.65,7361.0,7309.0,52.0,99.29,96.0,99.32144757849922,0.7064257573699225,-3.2900000000000063,0.0102105692161391
Faridkot,2020,83.29,79.4,77.84,7574.0,7346.0,228.0,96.99,93.46,98.0352644836272,3.0102983892263007,-3.530000000000001,0.0104832321098494
Faridkot,2021,87.94,82.68,80.48,7716.0,7456.0,260.0,96.63,91.52,97.3391388485728,3.3696215655780195,-5.109999999999999,0.0107153965785381
Faridkot,2022,85.25,85.19,84.21,7801.0,7710.0,91.0,98.83,98.78,98.84963023829089,1.166517113190617,-0.0499999999999971,0.0109203948211767
Fatehgarh Sahib,2010,495.53999999999996,482.98,326.775,5121.0,4925.0,269.5,95.025,93.305,97.31905141737964,4.889084482912789,-0.40500000000000114,0.5712261597873417
Fatehgarh Sahib,2011,495.53999999999996,482.98,326.775,5121.0,4925.0,269.5,95.025,93.305,97.31905141737964,4.889084482912789,-0.40500000000000114,0.5712261597873417
Fatehgarh Sahib,2012,495.53999999999996,482.98,326.775,5121.0,4925.0,269.5,95.025,93.305,97.31905141737964,4.889084482912789,-0.40500000000000114,0.5712261597873417
Fatehgarh Sahib,2013,495.53999999999996,482.98,326.775,5121.0,4925.0,269.5,95.025,93.305,97.31905141737964,4.889084482912789,-0.40500000000000114,0.5712261597873417
Fatehgarh Sahib,2014,495.53999999999996,482.98,326.775,5121.0,4925.0,269.5,95.025,93.305,97.31905141737964,4.889084482912789,-0.40500000000000114,0.5712261597873417
Fatehgarh Sahib,2015,495.53999999999996,482.98,326.775,5121.0,4925.0,269.5,95.025,93.305,97.31905141737964,4.889084482912789,-0.40500000000000114,0.5712261597873417
Fatehgarh Sahib,2016,495.53999999999996,482.98,326.775,5121.0,4925.0,269.5,95.025,93.305,97.31905141737964,4.889084482912789,-0.40500000000000114,0.5712261597873417
Fatehgarh Sahib,2017,495.53999999999996,482.98,326.775,5121.0,4925.0,269.5,95.025,93.305,97.31905141737964,4.889084482912789,-0.40500000000000114,0.5712261597873417
Fatehgarh Sahib,2018,66.98,65.44,62.0,9297.0,9064.0,233.0,97.49,92.56,94.74327628361858,2.506184790792729,-4.929999999999993,0.0070388297300204
Fatehgarh Sahib,2019,69.62,67.58,64.68,9352.0,9125.0,227.0,97.57,92.91,95.7087895827168,2.4272882805816938,-4.659999999999997,0.0072262617621899
Fatehgarh Sahib,2020,75.67,74.65,69.68,9525.0,9230.0,295.0,96.9,92.08,93.34226389819156,3.097112860892389,-4.820000000000007,0.0078372703412073
Fatehgarh Sahib,2021,87.19,83.04,79.43,9746.0,9424.0,322.0,96.7,91.1,95.65269749518303,3.303919556741227,-5.6000000000000085,0.0085204186332854
Fatehgarh Sahib,2022,87.34,86.28,80.71,9880.0,9476.0,404.0,95.91,92.41,93.54427445526191,4.089068825910931,-3.5,0.0087327935222672
Fazilka,2010,495.53999999999996,482.98,326.775,5121.0,4925.0,269.5,95.025,93.305,97.31905141737964,4.889084482912789,-0.40500000000000114,0.5712261597873417
Fazilka,2011,495.53999999999996,482.98,326.775,5121.0,4925.0,269.5,95.025,93.305,97.31905141737964,4.889084482912789,-0.40500000000000114,0.5712261597873417
Fazilka,2012,495.53999999999996,482.98,326.775,5121.0,4925.0,269.5,95.025,93.305,97.31905141737964,4.889084482912789,-0.40500000000000114,0.5712261597873417
Fazilka,2013,495.53999999999996,482.98,326.775,5121.0,4925.0,269.5,95.025,93.305,97.31905141737964,4.889084482912789,-0.40500000000000114,0.5712261597873417
Fazilka,2014,495.53999999999996,482.98,326.775,5121.0,4925.0,269.5,95.025,93.305,97.31905141737964,4.889084482912789,-0.40500000000000114,0.5712261597873417
Fazilka,2015,495.53999999999996,482.98,326.775,5121.0,4925.0,269.5,95.025,93.305,97.31905141737964,4.889084482912789,-0.40500000000000114,0.5712261597873417
Fazilka,2016,495.53999999999996,482.98,326.775,5121.0,4925.0,269.5,95.025,93.305,97.31905141737964,4.889084482912789,-0.40500000000000114,0.5712261597873417
Fazilka,2017,495.53999999999996,482.98,326.775,5121.0,4925.0,269.5,95.025,93.305,97.31905141737964,4.889084482912789,-0.40500000000000114,0.5712261597873417
Fazilka,2018,495.53999999999996,482.98,326.775,5121.0,4925.0,269.5,95.025,93.305,97.31905141737964,4.889084482912789,-0.40500000000000114,0.5712261597873417
Fazilka,2019,495.53999999999996,482.98,326.775,5121.0,4925.0,269.5,95.025,93.305,97.31905141737964,4.889084482912789,-0.40500000000000114,0.5712261597873417
Fazilka,2020,2.81,2.71,2.02,49.0,22.0,27.0,0.0,71.96,74.53874538745387,55.10204081632653,71.96,0.0553061224489795
Fazilka,2021,7.37,5.24,2.63,108.0,37.0,71.0,34.26,35.69,50.19083969465649,65.74074074074075,1.4299999999999995,0.0485185185185185
Fazilka,2022,7.41,7.2,5.18,151.0,68.0,83.0,45.03,70.01,71.94444444444444,54.966887417218544,24.980000000000004,0.047682119205298
Firozpur,2010,3343.0,3311.62,3226.84,2714.0,2647.0,67.0,97.53,96.53,97.43992366273908,2.468680913780398,-1.0,1.220198968312454
Firozpur,2011,3727.78,3698.39,3523.56,2933.0,2788.0,145.0,95.06,94.52,95.27280789749054,4.943743607228094,-0.5400000000000063,1.2609580634162971
Firozpur,2012,4234.27,4204.08,3928.87,3173.0,2962.0,211.0,93.35,92.79,93.45374017620978,6.649858178380082,-0.5599999999999881,1.3249543019224708
Firozpur,2013,4985.34,4946.33,4722.06,3721.0,3578.0,143.0,96.16,94.72,95.46593130664554,3.843052942757324,-1.4399999999999975,1.3293012631013168
Firozpur,2014,5235.34,4946.46,4891.63,3712.0,3665.0,47.0,98.73,93.43,98.89153050868704,1.2661637931034482,-5.299999999999997,1.3325592672413793
Firozpur,2015,5819.69,5014.79,5608.7,3710.0,3698.0,12.0,99.68,96.37,111.84316790932422,0.3234501347708894,-3.3100000000000023,1.351695417789757
Firozpur,2016,6533.67,4965.08,6236.62,3709.0,3700.0,9.0,99.76,95.45,125.60965785042738,0.2426530062011324,-4.310000000000002,1.3386573200323535
Firozpur,2017,70.47,69.47,65.97,4751.0,4468.0,283.0,94.04,93.61,94.96185403771412,5.956640707219533,-0.4300000000000068,0.0146221848031993
Firozpur,2018,75.52,75.52,71.53,5062.0,4654.0,408.0,91.94,94.72,94.7166313559322,8.060055314105098,2.780000000000001,0.0149190043461082
Firozpur,2019,75.6,75.36,74.78,5057.0,4963.0,94.0,98.14,98.91,99.23036093418258,1.858809570891833,0.769999999999996,0.0149021158789796
Firozpur,2020,75.6,75.35,75.15,5056.0,5040.0,16.0,99.68,99.4,99.73457199734574,0.3164556962025316,-0.2800000000000011,0.0149030854430379
Firozpur,2021,75.6,75.34,75.15,5056.0,5053.0,3.0,99.94,99.4,99.74780992832494,0.0593354430379746,-0.539999999999992,0.0149011075949367
Firozpur,2022,75.34,75.34,75.15,5056.0,5053.0,3.0,99.94,99.74,99.74780992832494,0.0593354430379746,-0.2000000000000028,0.0149011075949367
Gurdaspur,2010,4872.36,4615.99,4525.37,4905.0,4639.0,266.0,94.58,92.88,98.0368241698964,5.423037716615698,-1.7000000000000028,0.941078491335372
Gurdaspur,2011,5254.69,5017.69,4800.13,5183.0,4852.0,331.0,93.61,91.35,95.66414027171868,6.386262782172487,-2.260000000000005,0.9681053443951378
Gurdaspur,2012,6168.22,5781.01,5511.27,5468.0,5183.0,285.0,94.79,89.35,95.33403332635646,5.212143379663496,-5.440000000000012,1.057243964886613
Gurdaspur,2013,6885.19,6878.77,6326.44,5927.0,5427.0,500.0,91.56,91.88,91.97051217005364,8.435970980259828,0.3199999999999932,1.160582081997638
Gurdaspur,2014,7750.22,7235.35,6836.2,6103.0,5699.0,404.0,93.38,88.21,94.48333529131278,6.6196952318531865,-5.170000000000002,1.1855398984106178
Gurdaspur,2015,8517.33,7724.59,7618.64,6305.0,6143.0,162.0,97.43,89.45,98.62840616783544,2.569389373513085,-7.980000000000004,1.2251530531324346
Gurdaspur,2016,9538.62,8706.89,8733.92,6752.0,6303.0,449.0,93.35,91.56,100.31044379795772,6.649881516587678,-1.789999999999992,1.289527547393365
Gurdaspur,2017,102.98,98.2,95.95,7014.0,6650.0,364.0,94.81,93.17,97.70875763747452,5.189620758483034,-1.6400000000000006,0.0140005702879954
Gurdaspur,2018,113.78,118.0,98.35,7705.0,7547.0,158.0,97.95,86.44,83.34745762711864,2.0506164828033744,-11.510000000000003,0.0153147306943543
Gurdaspur,2019,116.21,118.33,106.54,7567.0,7070.0,497.0,93.43,91.67,90.03633905180428,6.567992599444958,-1.7600000000000051,0.0156376371084974
Gurdaspur,2020,121.34,122.53,115.21,7643.0,7250.0,393.0,94.86,94.94,94.02595282787888,5.141959963365171,0.0799999999999983,0.0160316629595708
Gurdaspur,2021,130.98,127.05,119.36,7743.0,7379.0,364.0,95.3,91.13,93.94726485635576,4.701020276378665,-4.170000000000002,0.0164083688492832
Gurdaspur,2022,133.0,145.52,123.24,8534.0,7526.0,1008.0,88.19,92.66,84.68938977460142,11.811577220529646,4.469999999999999,0.0170517928286852
Hoshiarpur,2010,7042.2,6806.71,6305.27,7829.0,6859.0,970.0,87.61,89.54,92.63315169883836,12.389832673393792,1.9300000000000068,0.8694226593434666
Hoshiarpur,2011,8257.58,8087.43,7380.0,8543.0,7380.0,1163.0,86.39,89.37,91.25272181644849,13.613484724335713,2.980000000000004,0.9466732997775956
Hoshiarpur,2012,9519.21,9341.79,8726.16,9668.0,8505.0,1163.0,87.97,91.67,93.40993535500156,12.029375258585024,3.700000000000003,0.9662587918907738
Hoshiarpur,2013,11546.66,11405.37,10566.82,11523.0,9839.0,1684.0,85.39,91.51,92.64776153689009,14.614249761346873,6.1200000000000045,0.989791720906014
Hoshiarpur,2014,12350.12,11531.22,11288.75,12148.0,10616.0,1532.0,87.39,91.41,97.8972736622838,12.611129404017122,4.019999999999996,0.9492278564372736
Hoshiarpur,2015,10474.7,9459.09,9620.46,10224.0,9975.0,249.0,97.56,91.84,101.70597805920018,2.4354460093896715,-5.719999999999999,0.9251848591549297
Hoshiarpur,2016,11264.79,9921.35,10862.63,10297.0,10135.0,162.0,98.43,96.43,109.48741854687114,1.5732737690589491,-2.0,0.9635185005341362
Hoshiarpur,2017,114.4,112.77,111.47,10990.0,10589.0,401.0,96.35,97.44,98.84721113771394,3.64877161055505,1.0900000000000034,0.0102611464968152
Hoshiarpur,2018,119.66,117.83,115.17,11246.0,10890.0,356.0,96.83,96.25,97.7425103963337,3.165569980437489,-0.5799999999999983,0.0104775031122176
Hoshiarpur,2019,122.31,121.61,118.86,11554.0,11027.0,527.0,95.44,97.18,97.73867280651262,4.561190929548208,1.740000000000009,0.0105253591829669
Hoshiarpur,2020,124.97,123.65,120.74,11603.0,11403.0,200.0,98.28,96.62,97.64658309745248,1.7236921485822632,-1.6599999999999966,0.0106567267086098
Hoshiarpur,2021,126.24,126.65,122.49,11718.0,11540.0,178.0,98.48,97.03,96.71535728385314,1.5190305512886155,-1.4500000000000028,0.0108081583888035
Hoshiarpur,2022,127.74,128.35,123.86,11826.0,11626.0,200.0,98.31,96.97,96.50175301908844,1.691188905800778,-1.3400000000000034,0.0108532048029764
Jalandhar,2010,7488.11,7148.4,6738.3,9427.0,8744.0,683.0,92.75,89.99,94.26305187174754,7.245146918425799,-2.760000000000005,0.7582900180333085
Jalandhar,2011,8239.35,7693.77,7207.98,9641.0,9075.0,566.0,94.13,87.48,93.68593030464908,5.870760294575252,-6.649999999999992,0.7980261383673893
Jalandhar,2012,9000.52,8283.15,7803.33,9850.0,9398.0,452.0,95.41,86.7,94.20727621738108,4.588832487309645,-8.709999999999994,0.8409289340101522
Jalandhar,2013,10530.26,10513.03,9908.4,10624.0,9717.0,907.0,91.46,94.09,94.24875606747057,8.537274096385541,2.6300000000000097,0.989554781626506
Jalandhar,2014,11228.56,10731.01,10113.19,10719.0,9906.0,813.0,92.42,90.07,94.24266681328226,7.584662748390708,-2.3500000000000085,1.001120440339584
Jalandhar,2015,11520.13,10921.31,11046.06,10744.0,10239.0,505.0,93.3,95.88,101.14226223777185,4.700297840655249,2.5799999999999983,1.016503164556962
Jalandhar,2016,13082.98,11408.53,11987.32,10821.0,10618.0,203.0,98.12,91.56,105.07330918181395,1.875981887071435,-6.560000000000002,1.0542953516310878
Jalandhar,2017,135.06,132.09,128.62,11419.0,10945.0,474.0,95.85,95.23,97.3730032553562,4.150976442770821,-0.6199999999999903,0.0115675628338733
Jalandhar,2018,145.56,142.24,139.28,11664.0,11080.0,584.0,94.99,95.69,97.91901012373452,5.006858710562415,0.7000000000000028,0.0121947873799725
Jalandhar,2019,154.12,149.57,144.06,11933.0,11408.0,525.0,95.6,93.47,96.3161061710236,4.399564233637811,-2.1299999999999955,0.0125341489985753
Jalandhar,2020,156.51,152.12,146.93,11943.0,11684.0,259.0,97.83,93.88,96.5882198264528,2.168634346479109,-3.950000000000003,0.0127371682156912
Jalandhar,2021,165.46,159.97,156.27,12280.0,11861.0,419.0,96.59,94.45,97.68706632493594,3.412052117263844,-2.140000000000001,0.0130268729641693
Jalandhar,2022,174.38,164.16,157.47,12369.0,11927.0,442.0,96.43,90.3,95.92470760233918,3.5734497534157974,-6.13000000000001,0.0132718894009216
Ludhiana,2010,4971.59,4894.05,4719.6,3542.0,3276.0,266.0,92.49,94.93,96.43546755754436,7.509881422924901,2.440000000000012,1.3817193675889328
Ludhiana,2011,5336.02,5236.23,4874.32,3706.0,3378.0,328.0,91.15,91.35,93.08834791443464,8.850512682137076,0.1999999999999886,1.412906098219104
Ludhiana,2012,5837.35,5310.77,5175.77,3732.0,3503.0,229.0,93.86,88.74,97.45799573319876,6.136120042872454,-5.1200000000000045,1.4230359056806003
Ludhiana,2013,6583.99,6550.47,6028.83,4032.0,3688.0,344.0,91.47,91.57,92.03660195375294,8.531746031746032,0.0999999999999943,1.6246205357142858
Ludhiana,2014,6833.99,6550.47,6486.43,4032.0,3818.0,214.0,94.69,94.91,99.02236022758672,5.307539682539683,0.2199999999999988,1.6246205357142858
Ludhiana,2015,7379.29,6509.11,6715.46,4018.0,3974.0,44.0,98.9,91.0,103.17017226625453,1.095072175211548,-7.900000000000006,1.6199875559980088
Ludhiana,2016,8119.05,6477.11,7622.77,4018.0,3992.0,26.0,99.35,93.89,117.6878268240002,0.6470881035340965,-5.459999999999994,1.612023394723743
Ludhiana,2017,83.76,81.08,78.89,4408.0,4237.0,171.0,96.12,94.19,97.29896398618648,3.8793103448275854,-1.9300000000000068,0.0183938294010889
Ludhiana,2018,88.84,86.7,84.52,4551.0,4323.0,228.0,94.99,95.13,97.48558246828142,5.009887936717205,0.1400000000000005,0.0190507580751483
Ludhiana,2019,91.4,90.65,88.98,4660.0,4542.0,118.0,97.47,97.36,98.157749586321,2.532188841201717,-0.1099999999999994,0.0194527896995708
Ludhiana,2020,94.38,92.79,91.13,4687.0,4593.0,94.0,97.99,96.56,98.21101411790065,2.0055472583742264,-1.4299999999999926,0.0197973117132494
Ludhiana,2021,98.96,94.83,93.34,4733.0,4626.0,107.0,97.74,94.32,98.42876726774227,2.260722586097613,-3.4200000000000017,0.0200359180223959
Ludhiana,2022,100.53,96.89,94.71,4761.0,4652.0,109.0,97.71,94.21,97.7500258024564,2.2894349926486037,-3.5,0.0203507666456626
Ludhiana-Fatehgarh Sahib,2010,4232.66,4079.18,3927.53,7411.0,6691.0,720.0,90.28,92.79,96.2823410587422,9.71528808527864,2.510000000000005,0.5504223451625961
Ludhiana-Fatehgarh Sahib,2011,4603.18,5273.77,4219.4,7881.0,7041.0,840.0,89.34,91.66,80.00728131867713,10.658545869813477,2.319999999999993,0.6691752315695978
Ludhiana-Fatehgarh Sahib,2012,5116.37,4858.79,4572.7,8207.0,7552.0,655.0,92.02,89.37,94.1119085204341,7.980991836237358,-2.6499999999999915,0.5920299744120873
Ludhiana-Fatehgarh Sahib,2013,5574.08,5570.55,5193.54,8822.0,7990.0,832.0,90.57,93.17,93.23208659827128,9.430968034459308,2.6000000000000085,0.6314384493312174
Ludhiana-Fatehgarh Sahib,2014,6079.39,5761.56,5486.07,9019.0,8292.0,727.0,91.84,90.24,95.21848249432443,8.060760616476328,-1.6000000000000083,0.638824703403925
Ludhiana-Fatehgarh Sahib,2015,6566.42,5684.71,5959.87,8894.0,8526.0,368.0,95.86,90.76,104.84035245421492,4.1376208680009,-5.099999999999994,0.6391623566449292
Ludhiana-Fatehgarh Sahib,2016,7606.96,6070.45,6916.95,9170.0,878.0,386.0,95.79,90.93,113.94460048266605,4.20937840785169,-4.859999999999999,0.661990185387132
Ludhiana-Fatehgarh Sahib,2017,83.65,81.46,74.28,10229.0,9579.0,650.0,93.65,88.8,91.18585808986006,6.354482354091309,-4.8500000000000085,0.0079636328086812
Ludhiana-Fatehgarh Sahib,2018,24.4,24.04,21.54,1356.0,911.0,445.0,67.18,88.29,89.60066555740433,32.817109144542776,21.11,0.0177286135693215
Ludhiana-Fatehgarh Sahib,2019,26.93,26.44,23.54,1518.0,1108.0,410.0,72.99,87.38,89.03177004538577,27.00922266139657,14.39,0.0174176548089591
Ludhiana-Fatehgarh Sahib,2020,26.99,25.47,24.92,1511.0,1265.0,246.0,83.72,92.35,97.84059678052613,16.28060886829914,8.629999999999995,0.0168563864990072
Ludhiana-Fatehgarh Sahib,2021,27.13,25.36,25.13,1511.0,1320.0,191.0,87.36,92.63,99.09305993690852,12.640635340833883,5.269999999999996,0.0167835870284579
Ludhiana-Fatehgarh Sahib,2022,25.36,25.36,25.13,1511.0,1395.0,116.0,92.32,99.11,99.09305993690852,7.677035076108537,6.790000000000006,0.0167835870284579
Mansa,2010,906.16,806.16,806.16,983.0,983.0,0.0,100.0,88.96,100.0,0.0,-11.040000000000006,0.8201017293997965
Mansa,2011,1194.93,2513.59,1049.68,1185.0,1023.0,162.0,86.33,87.84,41.76019159847071,13.670886075949369,1.5100000000000051,2.121172995780591
Mansa,2012,1447.9,1447.08,1277.38,1271.0,1168.0,103.0,91.9,88.22,88.27293584321532,8.103855232100708,-3.680000000000007,1.1385365853658536
Mansa,2013,2481.95,2444.89,2001.58,1691.0,1290.0,401.0,76.29,80.65,81.86789589715693,23.71377882909521,4.359999999999999,1.4458249556475458
Mansa,2014,2714.44,2450.41,2322.24,1712.0,1510.0,202.0,88.2,85.55,94.76944674564665,11.799065420560748,-2.6500000000000057,1.4313142523364486
Mansa,2015,2969.74,2662.58,2605.1,1768.0,1716.0,52.0,97.06,87.72,97.8411916261671,2.9411764705882355,-9.340000000000003,1.5059841628959276
Mansa,2016,3738.46,3731.86,3279.72,2282.0,1787.0,495.0,78.31,87.73,87.88432577856618,21.691498685363715,9.420000000000002,1.6353461875547766
Mansa,2017,32.16,29.45,29.17,1309.0,991.0,318.0,75.71,90.7,99.04923599320882,24.29335370511841,14.990000000000007,0.0224980901451489
Mansa,2018,38.17,32.67,31.32,1470.0,1082.0,388.0,73.61,82.04,95.86776859504133,26.39455782312925,8.430000000000007,0.0222244897959183
Mansa,2019,39.59,40.14,36.04,1731.0,1534.0,197.0,88.62,91.03,89.78574987543597,11.380704794916234,2.4099999999999966,0.0231889081455805
Mansa,2020,42.39,42.39,39.84,2009.0,1782.0,227.0,88.7,93.98,93.98443029016278,11.29915380786461,5.280000000000001,0.0211000497760079
Mansa,2021,49.56,49.4,45.36,2338.0,2141.0,197.0,91.57,91.53,91.82186234817814,8.426005132591959,-0.039999999999992,0.0211291702309666
Mansa,2022,52.41,54.52,49.47,2430.0,2297.0,133.0,94.53,94.4,90.73734409391048,5.473251028806584,-0.1299999999999954,0.0224362139917695
Patiala,2010,4911.24,4896.87,4789.95,4563.0,4385.0,178.0,96.1,97.53,97.81656445852148,3.900942362480824,1.4300000000000068,1.0731689677843523
Patiala,2011,5545.66,5545.52,5145.35,4893.0,4455.0,438.0,91.05,92.78,92.7839048457133,8.951563458001226,1.730000000000004,1.1333578581647252
Patiala,2012,6054.22,5950.92,5739.7,5044.0,4724.0,320.0,93.66,94.8,96.45063284332508,6.3441712926249005,1.1400000000000006,1.1798017446471054
Patiala,2013,6570.93,6550.81,6387.65,5327.0,5008.0,319.0,94.01,97.21,97.50931564188244,5.988361178899944,3.1999999999999886,1.229737187910644
Patiala,2014,6824.62,6525.81,6523.81,5315.0,5162.0,153.0,97.12,95.59,99.9693524635256,2.8786453433678267,-1.5300000000000011,1.227809971777987
Patiala,2015,7347.61,6572.92,7031.24,5315.0,5282.0,33.0,99.38,95.69,106.97285224831582,0.6208842897460018,-3.6899999999999977,1.2366735653809973
Patiala,2016,7905.72,6572.92,7903.76,5315.0,5309.0,6.0,99.89,99.98,120.24731778265976,0.1128880526810912,0.0900000000000034,1.2366735653809973
Patiala,2017,82.9,82.47,80.98,6883.0,6570.0,313.0,95.45,97.68,98.1932824057233,4.5474357111724535,2.230000000000004,0.0119816940287665
Patiala,2018,90.34,89.86,89.62,7472.0,7244.0,228.0,96.95,99.21,99.73291787224572,3.051391862955032,2.259999999999991,0.0120262312633832
Patiala,2019,90.4,90.39,90.39,7614.0,7459.0,155.0,97.96,99.99,100.0,2.0357236669293406,2.030000000000001,0.0118715524034672
Patiala,2020,92.9,92.86,90.39,7649.0,7622.0,27.0,99.65,97.29,97.3400818436356,0.352987318603739,-2.3599999999999994,0.01214014903909
Patiala,2021,95.42,94.92,90.39,7650.0,7647.0,3.0,99.96,94.73,95.2275600505689,0.0392156862745098,-5.22999999999999,0.0124078431372549
Patiala,2022,97.41,96.57,91.17,7667.0,7649.0,18.0,99.77,93.59,94.40820130475304,0.2347724011999478,-6.179999999999993,0.0125955393243772
Roopnagar,2010,302.53,290.81,157.22,304.0,13.0,291.0,4.28,51.97,54.06279013789072,95.72368421052632,47.69,0.9566118421052632
Roopnagar,2011,688.55,675.15,496.08,639.0,95.0,544.0,14.87,72.05,73.47700510997556,85.13302034428796,57.18,1.0565727699530516
Roopnagar,2012,1198.78,1170.99,980.9,1029.0,308.0,721.0,29.93,81.82,83.76672729912296,70.06802721088435,51.88999999999999,1.1379883381924198
Roopnagar,2013,1981.39,1973.12,1679.74,1646.0,677.0,969.0,41.13,84.78,85.13116282841389,58.869987849331714,43.65,1.1987363304981773
Roopnagar,2014,2233.13,1917.69,1799.45,1653.0,920.0,733.0,55.66,80.58,93.83424849688949,44.34361766485178,24.92,1.1601270417422869
Roopnagar,2015,495.53999999999996,482.98,326.775,5121.0,4925.0,269.5,95.025,93.305,97.31905141737964,4.889084482912789,-0.40500000000000114,0.5712261597873417
Roopnagar,2016,495.53999999999996,482.98,326.775,5121.0,4925.0,269.5,95.025,93.305,97.31905141737964,4.889084482912789,-0.40500000000000114,0.5712261597873417
Roopnagar,2017,495.53999999999996,482.98,326.775,5121.0,4925.0,269.5,95.025,93.305,97.31905141737964,4.889084482912789,-0.40500000000000114,0.5712261597873417
Roopnagar,2018,67.27,65.04,60.34,4683.0,4186.0,497.0,89.39,89.69,92.77367773677736,10.612855007473842,0.2999999999999971,0.013888532991672
Roopnagar,2019,69.67,47.36,64.6,4725.0,4510.0,215.0,95.45,92.72,136.402027027027,4.550264550264551,-2.730000000000004,0.0100232804232804
Roopnagar,2020,74.1,69.97,67.51,4960.0,4727.0,233.0,95.3,91.11,96.48420751750751,4.69758064516129,-4.189999999999998,0.0141068548387096
Roopnagar,2021,76.87,73.46,71.89,5047.0,4860.0,187.0,96.29,93.52,97.86278246664853,3.7051713889439273,-2.7700000000000102,0.0145551812958192
Roopnagar,2022,81.6,78.12,75.17,5205.0,4919.0,286.0,94.51,92.12,96.22375832053253,5.494716618635927,-2.390000000000001,0.0150086455331412
Sangrur,2010,4313.94,4097.99,3977.79,5322.0,5173.0,149.0,97.2,92.21,97.06685472634146,2.7996993611424275,-4.990000000000009,0.7700093949642991
Sangrur,2011,5592.54,4681.23,4699.18,6602.0,5343.0,1259.0,80.93,84.03,100.38344623101194,19.06997879430476,3.0999999999999943,0.7090624053317176
Sangrur,2012,6109.96,5811.75,5564.47,6943.0,6364.0,579.0,91.66,91.07,95.74517141996816,8.339334581592972,-0.5900000000000034,0.8370661097508282
Sangrur,2013,7650.45,7639.12,7374.09,8234.0,6900.0,1334.0,83.2,96.39,96.5306213281111,16.201117318435752,13.189999999999998,0.9277532183628856
Sangrur,2014,8181.67,7634.63,7540.15,8227.0,7472.0,755.0,90.82,92.16,98.76248095847474,9.177099793363316,1.3400000000000034,0.9279968396742434
Sangrur,2015,8948.23,8348.13,8635.79,8715.0,8067.0,684.0,92.18,95.15,103.4458016346176,7.848537005163511,2.969999999999999,0.9579036144578312
Sangrur,2016,10500.65,9197.58,9679.73,9241.0,8214.0,1027.0,88.89,92.18,105.24213978024656,11.113515853262632,3.2900000000000063,0.9953013743101397
Sangrur,2017,112.04,106.56,102.9,10460.0,9972.0,488.0,95.33,91.84,96.56531531531532,4.665391969407266,-3.489999999999995,0.0101873804971319
Sangrur,2018,122.46,103.82,112.77,11270.0,10404.0,866.0,93.32,92.09,108.62068965517244,7.684117125110914,-1.2299999999999898,0.0092120674356699
Sangrur,2019,127.24,130.38,121.36,11606.0,11011.0,595.0,94.87,95.38,93.08176100628933,5.126658624849216,0.5099999999999909,0.0112338445631569
Sangrur,2020,118.18,116.37,111.56,10437.0,9999.0,438.0,95.8,94.39,95.86663229354644,4.19660822075309,-1.4099999999999966,0.0111497556769186
Sangrur,2021,130.39,126.22,119.5,11009.0,10356.0,653.0,94.07,91.65,94.67596260497544,5.931510582250886,-2.4199999999999875,0.0114651648651103
Sangrur,2022,132.54,128.34,123.89,11079.0,10757.0,322.0,97.09,93.48,96.53264765466729,2.9063994945392184,-3.61,0.0115840779853777
Shri Muktsar Sahib,2010,813.69,813.69,813.69,766.0,766.0,0.0,100.0,100.0,100.0,0.0,0.0,1.0622584856396868
Shri Muktsar Sahib,2011,813.69,1193.38,813.69,766.0,766.0,0.0,100.0,100.0,68.18364644958018,0.0,0.0,1.5579373368146217
Shri Muktsar Sahib,2012,813.69,813.69,813.69,766.0,766.0,0.0,100.0,100.0,100.0,0.0,0.0,1.0622584856396868
Shri Muktsar Sahib,2013,813.89,813.69,813.69,766.0,766.0,0.0,100.0,100.0,100.0,0.0,0.0,1.0622584856396868
Shri Muktsar Sahib,2014,813.69,813.69,813.69,766.0,766.0,0.0,100.0,100.0,100.0,0.0,0.0,1.0622584856396868
Shri Muktsar Sahib,2015,813.69,813.69,813.69,766.0,766.0,0.0,100.0,100.0,100.0,0.0,0.0,1.0622584856396868
Shri Muktsar Sahib,2016,813.69,813.69,813.69,766.0,766.0,0.0,100.0,100.0,100.0,0.0,0.0,1.0622584856396868
Shri Muktsar Sahib,2017,8.14,8.14,8.14,766.0,766.0,0.0,100.0,100.0,100.0,0.0,0.0,0.0106266318537859
Shri Muktsar Sahib,2018,8.14,8.14,8.14,766.0,766.0,0.0,100.0,100.0,100.0,0.0,0.0,0.0106266318537859
Shri Muktsar Sahib,2019,8.14,8.14,8.14,766.0,766.0,0.0,100.0,100.0,100.0,0.0,0.0,0.0106266318537859
Shri Muktsar Sahib,2020,8.14,8.14,8.14,766.0,766.0,0.0,100.0,100.0,100.0,0.0,0.0,0.0106266318537859
Shri Muktsar Sahib,2021,8.14,8.14,8.14,766.0,766.0,0.0,100.0,100.0,100.0,0.0,0.0,0.0106266318537859
Shri Muktsar Sahib,2022,8.14,8.14,8.14,766.0,766.0,0.0,100.0,100.0,100.0,0.0,0.0,0.0106266318537859
Tarn Taran,2010,1683.02,1672.51,1540.59,721.0,177.0,544.0,24.55,91.54,92.11245373719738,75.4507628294036,66.99000000000001,2.3197087378640777
Tarn Taran,2011,2674.9,813.69,2375.73,1205.0,193.0,1012.0,16.02,88.82,291.96991483243005,83.98340248962656,72.8,0.6752614107883818
Tarn Taran,2012,3445.69,3371.69,3200.03,1567.0,439.0,1128.0,5.02,92.87,94.90878461543024,71.98468410976388,87.85000000000001,2.151684747925973
Tarn Taran,2013,4742.48,4660.04,4546.04,2038.0,608.0,1430.0,29.83,95.86,97.55366906721832,70.16683022571148,66.03,2.28657507360157
Tarn Taran,2014,5251.97,4874.04,4772.04,2130.0,790.0,1340.0,37.09,90.86,97.90728020287072,62.91079812206573,53.77,2.288281690140845
Tarn Taran,2015,6808.43,5642.25,6141.62,2418.0,1922.0,496.0,79.49,90.2,108.85054721077584,20.512820512820515,10.710000000000008,2.333436724565757
Tarn Taran,2016,7346.49,5895.65,6786.38,2474.0,2340.0,134.0,94.58,92.38,115.1082577832809,5.416329830234438,-2.200000000000003,2.3830436540016167
Tarn Taran,2017,73.0,72.16,71.75,2932.0,2550.0,382.0,86.87,98.29,99.4318181818182,13.028649386084584,11.420000000000002,0.0246111869031377
Tarn Taran,2018,80.63,79.75,79.08,3098.0,2661.0,437.0,85.89,98.08,99.15987460815047,14.105874757908328,12.189999999999998,0.0257424144609425
Tarn Taran,2019,85.23,83.77,83.72,3189.0,2796.0,393.0,87.68,98.23,99.94031276113168,12.323612417685794,10.549999999999995,0.0262684227030417
Tarn Taran,2020,90.35,85.33,84.59,3224.0,2928.0,296.0,90.82,93.63,99.132778624165,9.181141439205955,2.8100000000000023,0.0264671215880893
Tarn Taran,2021,94.92,90.33,88.97,3387.0,2934.0,453.0,86.63,93.73,98.49440938780027,13.37466784765279,7.1000000000000085,0.0266696191319752
Tarn Taran,2022,95.64,92.69,91.67,3402.0,3029.0,373.0,89.04,95.86,98.89955766533608,10.96413874191652,6.819999999999993,0.0272457378012933
