constituency,year,funds_available,pct_completed,sanctioned_funds,works_sanctioned,actual_expenditure,works_completed,pct_utilisation,pending_works,expenditure_to_sanctioned_pct,pending_share_pct,completion_gap_pct,avg_sanction_per_work_lakh,pending_works_yoy_change,actual_expenditure_yoy_change,pct_utilisation_yoy_change
Ajitgarh,2010,,,,,,,,,,,,,,,
Ajitgarh,2011,,,,,,,,,,,,,,,
Ajitgarh,2012,,,,,,,,,,,,,,,
Ajitgarh,2013,,,,,,,,,,,,,,,
Ajitgarh,2014,,,,,,,,,,,,,,,
Ajitgarh,2015,5932.38,85.52,5072.47,4150.0,4601.92,3549.0,77.57,601.0,90.72345425404191,14.481927710843374,-7.950000000000003,1.2222819277108434,,,
Ajitgarh,2016,7218.89,89.05,5875.03,4550.0,6689.68,4052.0,92.67,498.0,113.86631217202296,10.945054945054945,3.6200000000000045,1.2912153846153847,-17.138103161397666,45.36715110214866,19.466288513600638
Ajitgarh,2017,85.01,80.58,79.26,5515.0,73.74,4444.0,86.74,1071.0,93.0355791067373,19.41976427923844,6.159999999999997,0.014371713508612875,115.06024096385543,-98.89770512191913,-6.399050393870731
Ajitgarh,2018,23.64,54.74,23.17,1370.0,21.14,750.0,89.43,620.0,91.23867069486404,45.25547445255474,34.690000000000005,0.01691240875912409,-42.110177404295044,-71.33170599403309,3.1012220428868087
Ajitgarh,2019,26.24,45.74,44.86,1539.0,21.91,704.0,83.5,835.0,48.84083816317432,54.256010396361276,37.76,0.029148797920727745,34.677419354838705,3.6423841059602724,-6.6308844906630915
Ajitgarh,2020,26.25,68.89,25.32,1527.0,23.49,1052.0,89.48,475.0,92.77251184834122,31.106745252128356,20.590000000000003,0.016581532416502946,-43.113772455089816,7.211319032405283,7.161676646706594
Ajitgarh,2021,26.27,94.27,25.15,1518.0,24.98,1431.0,95.09,87.0,99.32405566600399,5.7312252964426875,0.8200000000000074,0.016567852437417655,-81.6842105263158,6.343124733929351,6.269557443004015
Ajitgarh,2022,30.07,96.13,27.32,1524.0,24.98,1465.0,83.05,59.0,91.43484626647145,3.8713910761154855,-13.079999999999998,0.017926509186351705,-32.18390804597702,0.0,-12.661688926280368
Amritsar,2010,7388.04,93.91,7354.19,6402.0,7139.66,6012.0,96.64,390.0,97.08288744239678,6.091846298031865,2.730000000000004,1.1487332083723836,,,
Amritsar,2011,8012.95,94.28,7940.23,6624.0,7501.85,6245.0,93.62,379.0,94.47900123799941,5.721618357487923,-0.6599999999999966,1.1987062198067633,-2.8205128205128216,5.072930643756157,-3.125
Amritsar,2012,8269.56,95.53,7962.73,6627.0,7868.81,6331.0,95.15,296.0,98.82050502779826,4.46657612796137,-0.37999999999999545,1.2015587747095215,-21.899736147757253,4.891593406959616,1.6342661824396476
Amritsar,2013,8720.35,99.36,8958.71,6667.0,8311.78,6624.0,95.31,43.0,92.7787594419286,0.6449677516124194,-4.049999999999997,1.3437393130343482,-85.47297297297297,5.629440792190943,0.16815554387807907
Amritsar,2014,9264.8,99.36,9014.8,6669.0,8746.8,6626.0,94.41,43.0,97.02711097306651,0.6447743289848553,-4.950000000000003,1.3517468885889938,0.0,5.233776639901433,-0.9442870632672351
Amritsar,2015,9776.87,99.94,8966.4,6669.0,9471.5,6665.0,96.88,4.0,105.63325303354748,0.0599790073474284,-3.0600000000000023,1.344489428699955,-90.69767441860466,8.285315772625435,2.616248278784017
Amritsar,2016,10837.87,99.49,9137.95,6701.0,10258.77,6667.0,94.66,34.0,112.26555190168472,0.5073869571705716,-4.829999999999998,1.3636696015520073,750.0,8.311988597371055,-2.291494632535096
Amritsar,2017,123.63,95.53,120.6,7740.0,115.97,7394.0,93.8,346.0,96.16086235489222,4.470284237726098,-1.730000000000004,0.015581395348837209,917.6470588235294,-98.86955258768839,-0.9085146841326885
Amritsar,2018,123.68,93.33,120.45,8072.0,115.4,7534.0,93.3,538.0,95.80738895807389,6.665014866204163,-0.030000000000001137,0.01492195242814668,55.49132947976878,-0.4915064240751832,-0.5330490405117239
Amritsar,2019,123.82,93.33,120.45,8072.0,115.53,7534.0,93.31,538.0,95.91531755915317,6.665014866204163,-0.01999999999999602,0.01492195242814668,0.0,0.11265164644713721,0.010718113612018243
Amritsar,2020,129.16,93.78,127.95,8135.0,125.43,7629.0,97.11,506.0,98.03048065650644,6.220036877688998,3.3299999999999983,0.015728334357713585,-5.947955390334569,8.56920280446638,4.07244668309934
Amritsar,2021,135.52,94.17,133.9,8237.0,133.49,7757.0,98.5,480.0,99.69380134428678,5.827364331674153,4.329999999999998,0.016255918416899356,-5.138339920948621,6.425894921470143,1.4313664916074664
Amritsar,2022,142.13,94.2,136.64,8425.0,136.11,7936.0,95.77,489.0,99.61211943793913,5.804154302670623,1.5699999999999932,0.016218397626112758,1.8750000000000044,1.9626938347441891,-2.7715736040609174
Bathinda,2010,2951.27,99.35,2841.33,3233.0,2808.86,3212.0,95.17,21.0,98.85722531349755,0.6495515001546551,-4.179999999999993,0.8788524590163934,,,
Bathinda,2011,3313.32,96.06,3227.72,3373.0,2918.79,3240.0,88.09,133.0,90.42884760759918,3.9430773791876668,-7.969999999999999,0.9569285502520011,533.3333333333333,3.9136874034305658,-7.43931911316591
Bathinda,2012,3824.25,94.83,3564.19,3504.0,3250.07,3323.0,84.99,181.0,91.18677736035396,5.165525114155251,-9.840000000000003,1.017177511415525,36.09022556390977,11.349908695041444,-3.5191281643773498
Bathinda,2013,4592.59,89.27,4588.79,3980.0,4274.0,3553.0,93.06,427.0,93.14002166148374,10.728643216080402,3.7900000000000063,1.152962311557789,135.91160220994473,31.50485989532532,9.49523473349807
Bathinda,2014,4844.68,97.79,4545.01,3975.0,4507.61,3887.0,93.04,88.0,99.17711952228926,2.2138364779874213,-4.75,1.143398742138365,-79.39110070257611,5.465839962564334,-0.021491510853210993
Bathinda,2015,5319.55,99.95,4517.7,3971.0,4938.12,3969.0,92.83,2.0,109.30606281957634,0.05036514731805591,-7.1200000000000045,1.1376731301939058,-97.72727272727273,9.550737530531705,-0.2257093723129877
Bathinda,2016,6109.73,100.0,4517.7,3971.0,5792.73,3971.0,94.81,0.0,128.22298957434094,0.0,-5.189999999999998,1.1376731301939058,-100.0,17.30638380598284,2.132931164494245
Bathinda,2017,63.63,98.19,60.04,4745.0,59.31,4659.0,93.21,86.0,98.78414390406395,1.8124341412012646,-4.980000000000004,0.01265331928345627,inf,-98.97613042555065,-1.6875856977112247
Bathinda,2018,63.8,98.12,61.52,4829.0,60.81,4738.0,95.3,91.0,98.84590377113133,1.8844481259059847,-2.8200000000000074,0.01273969765997101,5.813953488372103,2.52908447142135,2.242248685763326
Bathinda,2019,71.37,95.19,69.14,5033.0,67.24,4791.0,94.22,242.0,97.25195256002313,4.808265448042917,-0.9699999999999989,0.01373733359825154,165.93406593406593,10.573918763361267,-1.1332633788037727
Bathinda,2020,76.47,95.19,71.32,5180.0,70.39,4931.0,92.04,249.0,98.69601794727987,4.806949806949807,-3.1499999999999915,0.013768339768339768,2.892561983471076,4.684711481261172,-2.3137338144767483
Bathinda,2021,78.65,97.35,75.03,5236.0,73.81,5097.0,93.85,139.0,98.3739837398374,2.654698242933537,-3.5,0.014329640947288006,-44.17670682730924,4.858644693848557,1.9665362885701754
Bathinda,2022,78.01,98.78,75.67,5234.0,74.53,5170.0,95.54,64.0,98.49345843795427,1.2227741688956821,-3.239999999999995,0.014457393962552542,-53.956834532374096,0.9754775775640212,1.8007458710708635
Faridkot,2010,3613.72,95.79,3539.88,5034.0,3373.66,4822.0,93.36,212.0,95.30436059979434,4.211362733412793,-2.430000000000007,0.7031942789034565,,,
Faridkot,2011,3947.08,94.56,3931.96,5314.0,3649.76,5025.0,92.47,289.0,92.8229178323279,5.438464433571697,-2.0900000000000034,0.7399247271358675,36.32075471698113,8.183990087916392,-0.9532990574121714
Faridkot,2012,4454.06,95.17,4405.08,5647.0,4151.88,5374.0,93.22,273.0,94.25209076793158,4.8344253585974855,-1.9500000000000028,0.7800743757747476,-5.536332179930792,13.757616939195994,0.8110738617930213
Faridkot,2013,5215.06,96.36,5215.05,6121.0,5019.07,5898.0,96.24,223.0,96.2420302777538,3.643195556281653,-0.12000000000000455,0.8519931383760824,-18.315018315018317,20.88668265942175,3.2396481441750558
Faridkot,2014,5474.68,98.48,5207.65,6119.0,5171.19,6026.0,94.46,93.0,99.29987614375005,1.5198561856512502,-4.02000000000001,0.8510622650759927,-58.29596412556054,3.030840374810473,-1.849542809642557
Faridkot,2015,6013.0,99.3,5223.44,6115.0,5417.73,6072.0,90.1,43.0,103.71957943424258,0.7031888798037612,-9.200000000000003,0.8542011447260833,-53.76344086021505,4.76756800659035,-4.61571035358882
Faridkot,2016,6785.23,99.98,5223.95,6100.0,6257.18,6099.0,92.22,1.0,119.77871151140421,0.01639344262295082,-7.760000000000005,0.8563852459016393,-97.67441860465115,15.494496772633571,2.352941176470602
Faridkot,2017,70.17,96.75,69.91,7105.0,66.77,6874.0,95.15,231.0,95.50851094264054,3.251231527093596,-1.5999999999999943,0.009839549612948627,23000.0,-98.93290587772766,3.1771849924094653
Faridkot,2018,75.26,95.25,75.03,7351.0,70.61,7002.0,93.82,349.0,94.1090230574437,4.74765338049245,-1.4300000000000068,0.010206774588491362,51.082251082251084,5.75108581698367,-1.39779295848661
Faridkot,2019,77.76,99.29,75.16,7361.0,74.65,7309.0,96.0,52.0,99.32144757849922,0.7064257573699225,-3.2900000000000063,0.010210569216139111,-85.10028653295129,5.721569182835307,2.323598379876368
Faridkot,2020,83.29,96.99,79.4,7574.0,77.84,7346.0,93.46,228.0,98.0352644836272,3.0102983892263007,-3.530000000000001,0.010483232109849486,338.4615384615385,4.273275284661748,-2.645833333333336
Faridkot,2021,87.94,96.63,82.68,7716.0,80.48,7456.0,91.52,260.0,97.3391388485728,3.3696215655780195,-5.109999999999999,0.010715396578538103,14.035087719298245,3.3915724563206684,-2.075754333404667
Faridkot,2022,85.25,98.83,85.19,7801.0,84.21,7710.0,98.78,91.0,98.84963023829089,1.1665171131906167,-0.04999999999999716,0.010920394821176772,-65.0,4.634691848906547,7.932692307692313
Fatehgarh Sahib,2010,,,,,,,,,,,,,,,
Fatehgarh Sahib,2011,,,,,,,,,,,,,,,
Fatehgarh Sahib,2012,,,,,,,,,,,,,,,
Fatehgarh Sahib,2013,,,,,,,,,,,,,,,
Fatehgarh Sahib,2014,,,,,,,,,,,,,,,
Fatehgarh Sahib,2015,,,,,,,,,,,,,,,
Fatehgarh Sahib,2016,,,,,,,,,,,,,,,
Fatehgarh Sahib,2017,,,,,,,,,,,,,,,
Fatehgarh Sahib,2018,66.98,97.49,65.44,9297.0,62.0,9064.0,92.56,233.0,94.74327628361858,2.506184790792729,-4.929999999999993,0.007038829730020436,,,
Fatehgarh Sahib,2019,69.62,97.57,67.58,9352.0,64.68,9125.0,92.91,227.0,95.70878958271679,2.4272882805816938,-4.659999999999997,0.007226261762189906,-2.5751072961373356,4.322580645161311,0.37813310285219615
Fatehgarh Sahib,2020,75.67,96.9,74.65,9525.0,69.68,9230.0,92.08,295.0,93.34226389819156,3.0971128608923886,-4.820000000000007,0.00783727034120735,29.955947136563886,7.7303648732220065,-0.8933376385749647
Fatehgarh Sahib,2021,87.19,96.7,83.04,9746.0,79.43,9424.0,91.1,322.0,95.65269749518305,3.303919556741227,-5.6000000000000085,0.008520418633285452,9.152542372881346,13.992537313432841,-1.0642919200695045
Fatehgarh Sahib,2022,87.34,95.91,86.28,9880.0,80.71,9476.0,92.41,404.0,93.54427445526193,4.089068825910931,-3.5,0.008732793522267206,25.46583850931676,1.6114818078811322,1.4379802414928644
Fazilka,2010,,,,,,,,,,,,,,,
Fazilka,2011,,,,,,,,,,,,,,,
Fazilka,2012,,,,,,,,,,,,,,,
Fazilka,2013,,,,,,,,,,,,,,,
Fazilka,2014,,,,,,,,,,,,,,,
Fazilka,2015,,,,,,,,,,,,,,,
Fazilka,2016,,,,,,,,,,,,,,,
Fazilka,2017,,,,,,,,,,,,,,,
Fazilka,2018,,,,,,,,,,,,,,,
Fazilka,2019,,,,,,,,,,,,,,,
Fazilka,2020,2.81,0.0,2.71,49.0,2.02,22.0,71.96,27.0,74.53874538745387,55.10204081632653,71.96,0.05530612244897959,,,
Fazilka,2021,7.37,34.26,5.24,108.0,2.63,37.0,35.69,71.0,50.19083969465649,65.74074074074075,1.4299999999999997,0.04851851851851852,162.962962962963,30.1980198019802,-50.4030016675931
Fazilka,2022,7.41,45.03,7.2,151.0,5.18,68.0,70.01,83.0,71.94444444444444,54.966887417218544,24.980000000000004,0.04768211920529802,16.901408450704224,96.95817490494296,96.16138974502664
Firozpur,2010,3343.0,97.53,3311.62,2714.0,3226.84,2647.0,96.53,67.0,97.43992366273909,2.468680913780398,-1.0,1.220198968312454,,,
Firozpur,2011,3727.78,95.06,3698.39,2933.0,3523.56,2788.0,94.52,145.0,95.27280789749054,4.943743607228094,-0.5400000000000063,1.2609580634162973,116.41791044776117,9.195373802233764,-2.0822542214855577
Firozpur,2012,4234.27,93.35,4204.08,3173.0,3928.87,2962.0,92.79,211.0,93.45374017620978,6.649858178380082,-0.5599999999999881,1.3249543019224708,45.51724137931035,11.502855067034478,-1.8303004655099375
Firozpur,2013,4985.34,96.16,4946.33,3721.0,4722.06,3578.0,94.72,143.0,95.46593130664554,3.8430529427573235,-1.4399999999999977,1.3293012631013168,-32.22748815165877,20.188756563592094,2.0799655135251616
Firozpur,2014,5235.34,98.73,4946.46,3712.0,4891.63,3665.0,93.43,47.0,98.89153050868703,1.2661637931034482,-5.299999999999997,1.3325592672413793,-67.13286713286713,3.5910174796592864,-1.3619087837837718
Firozpur,2015,5819.69,99.68,5014.79,3710.0,5608.7,3698.0,96.37,12.0,111.84316790932422,0.32345013477088946,-3.3100000000000023,1.3516954177897573,-74.46808510638299,14.659121806023755,3.1467408755217807
Firozpur,2016,6533.67,99.76,4965.08,3709.0,6236.62,3700.0,95.45,9.0,125.60965785042738,0.2426530062011324,-4.310000000000002,1.3386573200323537,-25.0,11.195464189562653,-0.9546539379474916
Firozpur,2017,70.47,94.04,69.47,4751.0,65.97,4468.0,93.61,283.0,94.96185403771412,5.956640707219533,-0.4300000000000068,0.014622184803199326,3044.4444444444443,-98.94221549493155,-1.927710843373498
Firozpur,2018,75.52,91.94,75.52,5062.0,71.53,4654.0,94.72,408.0,94.71663135593221,8.060055314105098,2.780000000000001,0.014919004346108256,44.169611307420496,8.428073366681833,1.1857707509881354
Firozpur,2019,75.6,98.14,75.36,5057.0,74.78,4963.0,98.91,94.0,99.23036093418258,1.858809570891833,0.769999999999996,0.014902115878979633,-76.9607843137255,4.543548161610511,4.423564189189189
Firozpur,2020,75.6,99.68,75.35,5056.0,75.15,5040.0,99.4,16.0,99.73457199734574,0.31645569620253167,-0.28000000000000114,0.014903085443037974,-82.97872340425532,0.49478470179193934,0.4953998584571906
Firozpur,2021,75.6,99.94,75.34,5056.0,75.15,5053.0,99.4,3.0,99.74780992832494,0.05933544303797468,-0.539999999999992,0.01490110759493671,-81.25,0.0,0.0
Firozpur,2022,75.34,99.94,75.34,5056.0,75.15,5053.0,99.74,3.0,99.74780992832494,0.05933544303797468,-0.20000000000000284,0.01490110759493671,0.0,0.0,0.3420523138832898
Gurdaspur,2010,4872.36,94.58,4615.99,4905.0,4525.37,4639.0,92.88,266.0,98.03682416989639,5.423037716615698,-1.7000000000000028,0.941078491335372,,,
Gurdaspur,2011,5254.69,93.61,5017.69,5183.0,4800.13,4852.0,91.35,331.0,95.66414027171867,6.386262782172487,-2.260000000000005,0.9681053443951378,24.436090225563902,6.071547740847705,-1.6472868217054293
Gurdaspur,2012,6168.22,94.79,5781.01,5468.0,5511.27,5183.0,89.35,285.0,95.33403332635646,5.212143379663496,-5.440000000000012,1.057243964886613,-13.897280966767367,14.815015426665546,-2.1893814997263283
Gurdaspur,2013,6885.19,91.56,6878.77,5927.0,6326.44,5427.0,91.88,500.0,91.97051217005365,8.435970980259828,0.3199999999999932,1.160582081997638,75.43859649122805,14.790964695977493,2.831561275881378
Gurdaspur,2014,7750.22,93.38,7235.35,6103.0,6836.2,5699.0,88.21,404.0,94.48333529131278,6.6196952318531865,-5.170000000000002,1.1855398984106178,-19.199999999999996,8.05761217999381,-3.994340444057465
Gurdaspur,2015,8517.33,97.43,7724.59,6305.0,7618.64,6143.0,89.45,162.0,98.62840616783544,2.569389373513085,-7.980000000000004,1.2251530531324346,-59.900990099009896,11.44553991983852,1.4057363110758558
Gurdaspur,2016,9538.62,93.35,8706.89,6752.0,8733.92,6303.0,91.56,449.0,100.31044379795772,6.649881516587678,-1.789999999999992,1.289527547393365,177.16049382716048,14.638833177574995,2.358859698155391
Gurdaspur,2017,102.98,94.81,98.2,7014.0,95.95,6650.0,93.17,364.0,97.70875763747453,5.189620758483034,-1.6400000000000006,0.014000570287995439,-18.930957683741646,-98.90140967629655,1.758409785932713
Gurdaspur,2018,113.78,97.95,118.0,7705.0,98.35,7547.0,86.44,158.0,83.34745762711864,2.0506164828033744,-11.510000000000005,0.015314730694354316,-56.59340659340659,2.5013027618551176,-7.223355157239464
Gurdaspur,2019,116.21,93.43,118.33,7567.0,106.54,7070.0,91.67,497.0,90.03633905180428,6.567992599444958,-1.7600000000000051,0.015637637108497422,214.55696202531644,8.327402135231331,6.050439611291081
Gurdaspur,2020,121.34,94.86,122.53,7643.0,115.21,7250.0,94.94,393.0,94.02595282787888,5.141959963365171,0.0799999999999983,0.01603166295957085,-20.925553319919523,8.137788623990971,3.567143012981333
Gurdaspur,2021,130.98,95.3,127.05,7743.0,119.36,7379.0,91.13,364.0,93.94726485635577,4.701020276378665,-4.170000000000002,0.016408368849283223,-7.379134860050895,3.60211787171254,-4.013060880556141
Gurdaspur,2022,133.0,88.19,145.52,8534.0,123.24,7526.0,92.66,1008.0,84.68938977460142,11.811577220529646,4.469999999999999,0.01705179282868526,176.9230769230769,3.250670241286868,1.6789202238560286
Hoshiarpur,2010,7042.2,87.61,6806.71,7829.0,6305.27,6859.0,89.54,970.0,92.63315169883835,12.389832673393792,1.9300000000000068,0.8694226593434666,,,
Hoshiarpur,2011,8257.58,86.39,8087.43,8543.0,7380.0,7380.0,89.37,1163.0,91.25272181644849,13.613484724335713,2.980000000000004,0.9466732997775957,19.896907216494842,17.044948114830927,-0.18985928076837855
Hoshiarpur,2012,9519.21,87.97,9341.79,9668.0,8726.16,8505.0,91.67,1163.0,93.40993535500155,12.029375258585024,3.700000000000003,0.9662587918907738,0.0,18.240650406504066,2.5735705494013716
Hoshiarpur,2013,11546.66,85.39,11405.37,11523.0,10566.82,9839.0,91.51,1684.0,92.64776153689007,14.614249761346871,6.1200000000000045,0.9897917209060141,44.797936371453126,21.093585265454685,-0.17453910766880298
Hoshiarpur,2014,12350.12,87.39,11531.22,12148.0,11288.75,10616.0,91.41,1532.0,97.8972736622838,12.611129404017122,4.019999999999996,0.9492278564372736,-9.02612826603325,6.8320459703108405,-0.1092776745710955
Hoshiarpur,2015,10474.7,97.56,9459.09,10224.0,9620.46,9975.0,91.84,249.0,101.70597805920018,2.4354460093896715,-5.719999999999999,0.9251848591549295,-83.7467362924282,-14.77834126896247,0.4704080516354958
Hoshiarpur,2016,11264.79,98.43,9921.35,10297.0,10862.63,10135.0,96.43,162.0,109.48741854687114,1.5732737690589491,-2.0,0.9635185005341362,-34.93975903614458,12.911752660475706,4.9978222996515775
Hoshiarpur,2017,114.4,96.35,112.77,10990.0,111.47,10589.0,97.44,401.0,98.84721113771394,3.64877161055505,1.0900000000000034,0.010261146496815286,147.53086419753086,-98.97382125691476,1.047391890490501
Hoshiarpur,2018,119.66,96.83,117.83,11246.0,115.17,10890.0,96.25,356.0,97.7425103963337,3.165569980437489,-0.5799999999999983,0.010477503112217677,-11.221945137157107,3.319278729703057,-1.2212643678160884
Hoshiarpur,2019,122.31,95.44,121.61,11554.0,118.86,11027.0,97.18,527.0,97.73867280651262,4.561190929548208,1.740000000000009,0.010525359182966938,48.03370786516854,3.203959364417819,0.9662337662337706
Hoshiarpur,2020,124.97,98.28,123.65,11603.0,120.74,11403.0,96.62,200.0,97.64658309745248,1.7236921485822632,-1.6599999999999966,0.010656726708609843,-62.04933586337761,1.5816927477704912,-0.5762502572545847
Hoshiarpur,2021,126.24,98.48,126.65,11718.0,122.49,11540.0,97.03,178.0,96.71535728385314,1.5190305512886157,-1.4500000000000028,0.01080815838880355,-10.999999999999998,1.4493953950637684,0.4243427861726268
Hoshiarpur,2022,127.74,98.31,128.35,11826.0,123.86,11626.0,96.97,200.0,96.50175301908844,1.6911889058007779,-1.3400000000000034,0.010853204802976493,12.35955056179776,1.118458649685694,-0.0618365453983305
Jalandhar,2010,7488.11,92.75,7148.4,9427.0,6738.3,8744.0,89.99,683.0,94.26305187174754,7.245146918425799,-2.760000000000005,0.7582900180333085,,,
Jalandhar,2011,8239.35,94.13,7693.77,9641.0,7207.98,9075.0,87.48,566.0,93.68593030464908,5.870760294575252,-6.6499999999999915,0.7980261383673893,-17.130307467057104,6.970304082632106,-2.7891987998666434
Jalandhar,2012,9000.52,95.41,8283.15,9850.0,7803.33,9398.0,86.7,452.0,94.20727621738108,4.588832487309645,-8.709999999999994,0.8409289340101522,-20.141342756183743,8.259595614860205,-0.8916323731138598
Jalandhar,2013,10530.26,91.46,10513.03,10624.0,9908.4,9717.0,94.09,907.0,94.24875606747055,8.537274096385541,2.6300000000000097,0.9895547816265061,100.66371681415932,26.976560007073893,8.523644752018456
Jalandhar,2014,11228.56,92.42,10731.01,10719.0,10113.19,9906.0,90.07,813.0,94.24266681328226,7.584662748390708,-2.3500000000000085,1.001120440339584,-10.363836824696804,2.066832182794398,-4.272505048357966
Jalandhar,2015,11520.13,93.3,10921.31,10744.0,11046.06,10239.0,95.88,505.0,101.14226223777185,4.700297840655249,2.5799999999999983,1.016503164556962,-37.88437884378843,9.224290258563306,6.450538470078837
Jalandhar,2016,13082.98,98.12,11408.53,10821.0,11987.32,10618.0,91.56,203.0,105.07330918181395,1.875981887071435,-6.560000000000002,1.0542953516310878,-59.8019801980198,8.521228383695178,-4.505632040050056
Jalandhar,2017,135.06,95.85,132.09,11419.0,128.62,10945.0,95.23,474.0,97.3730032553562,4.150976442770821,-0.6199999999999903,0.01156756283387337,133.4975369458128,-98.92703289809566,4.008300567933598
Jalandhar,2018,145.56,94.99,142.24,11664.0,139.28,11080.0,95.69,584.0,97.91901012373452,5.0068587105624145,0.7000000000000028,0.012194787379972566,23.206751054852326,8.28798009640801,0.4830410584899747
Jalandhar,2019,154.12,95.6,149.57,11933.0,144.06,11408.0,93.47,525.0,96.3161061710236,4.399564233637811,-2.1299999999999955,0.012534148998575379,-10.102739726027398,3.43193566915565,-2.3199916396697606
Jalandhar,2020,156.51,97.83,152.12,11943.0,146.93,11684.0,93.88,259.0,96.5882198264528,2.168634346479109,-3.950000000000003,0.012737168215691201,-50.66666666666666,1.9922254616132173,0.43864341499946224
Jalandhar,2021,165.46,96.59,159.97,12280.0,156.27,11861.0,94.45,419.0,97.68706632493594,3.4120521172638436,-2.1400000000000006,0.013026872964169382,61.77606177606179,6.356768529231616,0.607158074137204
Jalandhar,2022,174.38,96.43,164.16,12369.0,157.47,11927.0,90.3,442.0,95.92470760233918,3.5734497534157974,-6.13000000000001,0.013271889400921659,5.4892601431980825,0.7679017085812978,-4.393859184753845
Ludhiana,2010,4971.59,92.49,4894.05,3542.0,4719.6,3276.0,94.93,266.0,96.43546755754437,7.509881422924901,2.440000000000012,1.3817193675889328,,,
Ludhiana,2011,5336.02,91.15,5236.23,3706.0,4874.32,3378.0,91.35,328.0,93.08834791443464,8.850512682137076,0.19999999999998863,1.412906098219104,23.308270676691723,3.278243918976176,-3.7711998314547746
Ludhiana,2012,5837.35,93.86,5310.77,3732.0,5175.77,3503.0,88.74,229.0,97.45799573319877,6.136120042872454,-5.1200000000000045,1.4230359056806003,-30.182926829268297,6.1844523954110775,-2.857142857142858
Ludhiana,2013,6583.99,91.47,6550.47,4032.0,6028.83,3688.0,91.57,344.0,92.03660195375294,8.531746031746032,0.09999999999999432,1.6246205357142858,50.21834061135371,16.481798843457106,3.1890917286454767
Ludhiana,2014,6833.99,94.69,6550.47,4032.0,6486.43,3818.0,94.91,214.0,99.02236022758672,5.307539682539683,0.21999999999999886,1.6246205357142858,-37.7906976744186,7.59019577596316,3.6474828000436776
Ludhiana,2015,7379.29,98.9,6509.11,4018.0,6715.46,3974.0,91.0,44.0,103.17017226625453,1.095072175211548,-7.900000000000006,1.6199875559980088,-79.43925233644859,3.5309099150071743,-4.11969234011168
Ludhiana,2016,8119.05,99.35,6477.11,4018.0,7622.77,3992.0,93.89,26.0,117.68782682400021,0.6470881035340965,-5.459999999999994,1.612023394723743,-40.90909090909091,13.510764713065093,3.1758241758241823
Ludhiana,2017,83.76,96.12,81.08,4408.0,78.89,4237.0,94.19,171.0,97.29896398618648,3.8793103448275863,-1.9300000000000068,0.01839382940108893,557.6923076923076,-98.96507437585025,0.3195228458834798
Ludhiana,2018,88.84,94.99,86.7,4551.0,84.52,4323.0,95.13,228.0,97.48558246828142,5.009887936717205,0.14000000000000057,0.01905075807514832,33.33333333333333,7.136519203954861,0.9979828007219416
Ludhiana,2019,91.4,97.47,90.65,4660.0,88.98,4542.0,97.36,118.0,98.157749586321,2.532188841201717,-0.10999999999999943,0.019452789699570816,-48.24561403508771,5.2768575485092395,2.3441606223063127
Ludhiana,2020,94.38,97.99,92.79,4687.0,91.13,4593.0,96.56,94.0,98.21101411790063,2.0055472583742264,-1.4299999999999926,0.019797311713249416,-20.33898305084746,2.416273319847151,-0.8216926869350827
Ludhiana,2021,98.96,97.74,94.83,4733.0,93.34,4626.0,94.32,107.0,98.42876726774227,2.2607225860976126,-3.4200000000000017,0.020035918022395943,13.829787234042556,2.4251069900142808,-2.319801159900592
Ludhiana,2022,100.53,97.71,96.89,4761.0,94.71,4652.0,94.21,109.0,97.75002580245639,2.2894349926486033,-3.5,0.020350766645662675,1.869158878504673,1.4677523034068995,-0.11662425784563224
Ludhiana-Fatehgarh Sahib,2010,4232.66,90.28,4079.18,7411.0,3927.53,6691.0,92.79,720.0,96.2823410587422,9.71528808527864,2.510000000000005,0.5504223451625961,,,
Ludhiana-Fatehgarh Sahib,2011,4603.18,89.34,5273.77,7881.0,4219.4,7041.0,91.66,840.0,80.00728131867713,10.658545869813475,2.319999999999993,0.6691752315695978,16.666666666666675,7.431388175265363,-1.217803642633919
Ludhiana-Fatehgarh Sahib,2012,5116.37,92.02,4858.79,8207.0,4572.7,7552.0,89.37,655.0,94.1119085204341,7.980991836237358,-2.6499999999999915,0.5920299744120873,-22.023809523809522,8.37322842110253,-2.4983635173467023
Ludhiana-Fatehgarh Sahib,2013,5574.08,90.57,5570.55,8822.0,5193.54,7990.0,93.17,832.0,93.23208659827127,9.430968034459307,2.6000000000000085,0.6314384493312174,27.02290076335878,13.577098869376968,4.251986125097895
Ludhiana-Fatehgarh Sahib,2014,6079.39,91.84,5761.56,9019.0,5486.07,8292.0,90.24,727.0,95.21848249432445,8.060760616476328,-1.6000000000000085,0.638824703403925,-12.620192307692314,5.632574313474037,-3.144789095202327
Ludhiana-Fatehgarh Sahib,2015,6566.42,95.86,5684.71,8894.0,5959.87,8526.0,90.76,368.0,104.84035245421491,4.1376208680009,-5.099999999999994,0.6391623566449292,-49.38101788170564,8.636419148862483,0.5762411347517871
Ludhiana-Fatehgarh Sahib,2016,7606.96,95.79,6070.45,9170.0,6916.95,878.0,90.93,386.0,113.94460048266603,4.20937840785169,-4.859999999999999,0.661990185387132,4.891304347826098,16.058739536265044,0.18730718378139333
Ludhiana-Fatehgarh Sahib,2017,83.65,93.65,81.46,10229.0,74.28,9579.0,88.8,650.0,91.18585808986006,6.354482354091309,-4.8500000000000085,0.0079636328086812,68.39378238341969,-98.92611627957409,-2.3424612339162043
Ludhiana-Fatehgarh Sahib,2018,24.4,67.18,24.04,1356.0,21.54,911.0,88.29,445.0,89.60066555740433,32.817109144542776,21.11,0.01772861356932153,-31.538461538461537,-71.00161550888531,-0.5743243243243157
Ludhiana-Fatehgarh Sahib,2019,26.93,72.99,26.44,1518.0,23.54,1108.0,87.38,410.0,89.03177004538577,27.009222661396574,14.39,0.017417654808959158,-7.86516853932584,9.28505106778088,-1.0306943028655646
Ludhiana-Fatehgarh Sahib,2020,26.99,83.72,25.47,1511.0,24.92,1265.0,92.35,246.0,97.84059678052611,16.28060886829914,8.629999999999995,0.01685638649900728,-40.0,5.862361937128302,5.687800411993593
Ludhiana-Fatehgarh Sahib,2021,27.13,87.36,25.36,1511.0,25.13,1320.0,92.63,191.0,99.09305993690852,12.640635340833885,5.269999999999996,0.016783587028457975,-22.357723577235777,0.8426966292134797,0.30319436924743925
Ludhiana-Fatehgarh Sahib,2022,25.36,92.32,25.36,1511.0,25.13,1395.0,99.11,116.0,99.09305993690852,7.677035076108537,6.790000000000006,0.016783587028457975,-39.26701570680628,0.0,6.99557378818958
Mansa,2010,906.16,100.0,806.16,983.0,806.16,983.0,88.96,0.0,100.0,0.0,-11.040000000000006,0.8201017293997965,,,
Mansa,2011,1194.93,86.33,2513.59,1185.0,1049.68,1023.0,87.84,162.0,41.76019159847071,13.670886075949367,1.5100000000000051,2.121172995780591,inf,30.207402996923705,-1.2589928057553879
Mansa,2012,1447.9,91.9,1447.08,1271.0,1277.38,1168.0,88.22,103.0,88.27293584321532,8.103855232100708,-3.680000000000007,1.1385365853658536,-36.419753086419746,21.692325280085356,0.43260473588342396
Mansa,2013,2481.95,76.29,2444.89,1691.0,2001.58,1290.0,80.65,401.0,81.86789589715693,23.71377882909521,4.359999999999999,1.4458249556475458,289.3203883495146,56.69417088102207,-8.580820675583755
Mansa,2014,2714.44,88.2,2450.41,1712.0,2322.24,1510.0,85.55,202.0,94.76944674564665,11.799065420560748,-2.6500000000000057,1.4313142523364486,-49.625935162094756,16.020343928296633,6.075635461872286
Mansa,2015,2969.74,97.06,2662.58,1768.0,2605.1,1716.0,87.72,52.0,97.8411916261671,2.9411764705882355,-9.340000000000003,1.5059841628959276,-74.25742574257426,12.180480914978652,2.5365283459964916
Mansa,2016,3738.46,78.31,3731.86,2282.0,3279.72,1787.0,87.73,495.0,87.88432577856618,21.691498685363715,9.420000000000002,1.6353461875547766,851.923076923077,25.896126828144794,0.01139990880072439
Mansa,2017,32.16,75.71,29.45,1309.0,29.17,991.0,90.7,318.0,99.04923599320882,24.29335370511841,14.990000000000009,0.022498090145148968,-35.75757575757576,-99.11059480687375,3.3853869827880967
Mansa,2018,38.17,73.61,32.67,1470.0,31.32,1082.0,82.04,388.0,95.86776859504131,26.39455782312925,8.430000000000007,0.02222448979591837,22.012578616352197,7.370586218717845,-9.547960308710024
Mansa,2019,39.59,88.62,40.14,1731.0,36.04,1534.0,91.03,197.0,89.78574987543597,11.380704794916234,2.4099999999999966,0.02318890814558059,-49.22680412371135,15.07024265644954,10.95806923451974
Mansa,2020,42.39,88.7,42.39,2009.0,39.84,1782.0,93.98,227.0,93.98443029016278,11.29915380786461,5.280000000000001,0.021100049776007965,15.228426395939088,10.543840177580478,3.240689882456338
Mansa,2021,49.56,91.57,49.4,2338.0,45.36,2141.0,91.53,197.0,91.82186234817814,8.426005132591959,-0.03999999999999204,0.021129170230966637,-13.215859030837008,13.855421686746983,-2.6069376463077276
Mansa,2022,52.41,94.53,54.52,2430.0,49.47,2297.0,94.4,133.0,90.73734409391048,5.473251028806584,-0.12999999999999545,0.02243621399176955,-32.48730964467005,9.060846560846558,3.135583961542676
Patiala,2010,4911.24,96.1,4896.87,4563.0,4789.95,4385.0,97.53,178.0,97.81656445852147,3.900942362480824,1.4300000000000068,1.0731689677843523,,,
Patiala,2011,5545.66,91.05,5545.52,4893.0,5145.35,4455.0,92.78,438.0,92.7839048457133,8.951563458001226,1.730000000000004,1.1333578581647252,146.06741573033707,7.41970166703203,-4.870296319081313
Patiala,2012,6054.22,93.66,5950.92,5044.0,5739.7,4724.0,94.8,320.0,96.45063284332507,6.3441712926249005,1.1400000000000006,1.1798017446471054,-26.940639269406397,11.551206429105875,2.1771933606380633
Patiala,2013,6570.93,94.01,6550.81,5327.0,6387.65,5008.0,97.21,319.0,97.50931564188245,5.988361178899944,3.1999999999999886,1.229737187910644,-0.31250000000000444,11.288917539244213,2.5421940928270104
Patiala,2014,6824.62,97.12,6525.81,5315.0,6523.81,5162.0,95.59,153.0,99.9693524635256,2.8786453433678267,-1.5300000000000011,1.227809971777987,-52.03761755485894,2.1316133476317667,-1.666495216541497
Patiala,2015,7347.61,99.38,6572.92,5315.0,7031.24,5282.0,95.69,33.0,106.97285224831582,0.6208842897460018,-3.6899999999999977,1.2366735653809973,-78.43137254901961,7.778123519844993,0.1046134532900922
Patiala,2016,7905.72,99.89,6572.92,5315.0,7903.76,5309.0,99.98,6.0,120.24731778265976,0.11288805268109126,0.09000000000000341,1.2366735653809973,-81.81818181818181,12.409190981960517,4.483227087469954
Patiala,2017,82.9,95.45,82.47,6883.0,80.98,6570.0,97.68,313.0,98.1932824057233,4.5474357111724535,2.230000000000004,0.011981694028766527,5116.666666666666,-98.97542435499054,-2.300460092018397
Patiala,2018,90.34,96.95,89.86,7472.0,89.62,7244.0,99.21,228.0,99.73291787224572,3.051391862955032,2.259999999999991,0.012026231263383298,-27.15654952076677,10.669301061990621,1.5663390663390508
Patiala,2019,90.4,97.96,90.39,7614.0,90.39,7459.0,99.99,155.0,100.0,2.0357236669293406,2.030000000000001,0.011871552403467297,-32.01754385964912,0.8591832180316894,0.7862110674327294
Patiala,2020,92.9,99.65,92.86,7649.0,90.39,7622.0,97.29,27.0,97.34008184363559,0.35298731860373905,-2.3599999999999994,0.012140149039090078,-82.58064516129032,0.0,-2.7002700270026936
Patiala,2021,95.42,99.96,94.92,7650.0,90.39,7647.0,94.73,3.0,95.2275600505689,0.0392156862745098,-5.22999999999999,0.012407843137254902,-88.88888888888889,0.0,-2.6313084592455516
Patiala,2022,97.41,99.77,96.57,7667.0,91.17,7649.0,93.59,18.0,94.40820130475304,0.23477240119994783,-6.179999999999993,0.0125955393243772,500.0,0.8629273149684646,-1.203420247017839
Roopnagar,2010,302.53,4.28,290.81,304.0,157.22,13.0,51.97,291.0,54.062790137890715,95.72368421052632,47.69,0.9566118421052632,,,
Roopnagar,2011,688.55,14.87,675.15,639.0,496.08,95.0,72.05,544.0,73.47700510997556,85.13302034428796,57.18,1.0565727699530516,86.94158075601375,215.53237501590127,38.637675582066564
Roopnagar,2012,1198.78,29.93,1170.99,1029.0,980.9,308.0,81.82,721.0,83.76672729912296,70.06802721088435,51.88999999999999,1.1379883381924198,32.53676470588236,97.73020480567651,13.560027758501025
Roopnagar,2013,1981.39,41.13,1973.12,1646.0,1679.74,677.0,84.78,969.0,85.13116282841389,58.869987849331714,43.65,1.1987363304981773,34.39667128987518,71.24477520644308,3.6176973845025717
Roopnagar,2014,2233.13,55.66,1917.69,1653.0,1799.45,920.0,80.58,733.0,93.83424849688949,44.343617664851784,24.92,1.1601270417422869,-24.355005159958722,7.126698179480151,-4.953998584571839
Roopnagar,2015,,,,,,,,,,,,,0.0,0.0,0.0
Roopnagar,2016,,,,,,,,,,,,,0.0,0.0,0.0
Roopnagar,2017,,,,,,,,,,,,,0.0,0.0,0.0
Roopnagar,2018,67.27,89.39,65.04,4683.0,60.34,4186.0,89.69,497.0,92.77367773677736,10.612855007473842,0.29999999999999716,0.013888532991672007,-32.196452933151434,-96.64675317458112,11.305534872176715
Roopnagar,2019,69.67,95.45,47.36,4725.0,64.6,4510.0,92.72,215.0,136.402027027027,4.550264550264551,-2.730000000000004,0.010023280423280424,-56.74044265593561,7.059993370898221,3.3783030438175876
Roopnagar,2020,74.1,95.3,69.97,4960.0,67.51,4727.0,91.11,233.0,96.48420751750751,4.69758064516129,-4.189999999999998,0.014106854838709677,8.372093023255811,4.504643962848309,-1.7364106988783434
Roopnagar,2021,76.87,96.29,73.46,5047.0,71.89,4860.0,93.52,187.0,97.86278246664853,3.7051713889439273,-2.7700000000000102,0.014555181295819297,-19.742489270386265,6.487927714412667,2.6451542091976643
Roopnagar,2022,81.6,94.51,78.12,5205.0,75.17,4919.0,92.12,286.0,96.22375832053251,5.494716618635927,-2.3900000000000006,0.015008645533141211,52.941176470588225,4.562526081513418,-1.4970059880239472
Sangrur,2010,4313.94,97.2,4097.99,5322.0,3977.79,5173.0,92.21,149.0,97.06685472634146,2.7996993611424275,-4.990000000000009,0.7700093949642991,,,
Sangrur,2011,5592.54,80.93,4681.23,6602.0,4699.18,5343.0,84.03,1259.0,100.38344623101194,19.069978794304756,3.0999999999999943,0.7090624053317176,744.9664429530202,18.13544706985537,-8.871055200086753
Sangrur,2012,6109.96,91.66,5811.75,6943.0,5564.47,6364.0,91.07,579.0,95.74517141996817,8.339334581592972,-0.5900000000000034,0.8370661097508282,-54.011119936457504,18.41363812409824,8.377960252290828
Sangrur,2013,7650.45,83.2,7639.12,8234.0,7374.09,6900.0,96.39,1334.0,96.5306213281111,16.201117318435752,13.189999999999998,0.9277532183628856,130.39723661485317,32.52097684056163,5.8416602613374335
Sangrur,2014,8181.67,90.82,7634.63,8227.0,7540.15,7472.0,92.16,755.0,98.76248095847474,9.177099793363316,1.3400000000000034,0.9279968396742434,-43.40329835082459,2.2519388833062814,-4.388422035480866
Sangrur,2015,8948.23,92.18,8348.13,8715.0,8635.79,8067.0,95.15,684.0,103.4458016346176,7.848537005163511,2.969999999999999,0.9579036144578312,-9.403973509933772,14.530745409574086,3.244357638888906
Sangrur,2016,10500.65,88.89,9197.58,9241.0,9679.73,8214.0,92.18,1027.0,105.24213978024655,11.113515853262633,3.2900000000000063,0.9953013743101395,50.14619883040936,12.088529248626912,-3.121387283236998
Sangrur,2017,112.04,95.33,106.56,10460.0,102.9,9972.0,91.84,488.0,96.56531531531532,4.665391969407266,-3.489999999999995,0.010187380497131932,-52.48296007789679,-98.93695381999291,-0.3688435669342627
Sangrur,2018,122.46,93.32,103.82,11270.0,112.77,10404.0,92.09,866.0,108.62068965517243,7.684117125110914,-1.2299999999999898,0.00921206743566992,77.45901639344261,9.59183673469386,0.2722125435540068
Sangrur,2019,127.24,94.87,130.38,11606.0,121.36,11011.0,95.38,595.0,93.08176100628931,5.126658624849216,0.5099999999999909,0.011233844563156988,-31.293302540415702,7.6172740977210385,3.5725920295363034
Sangrur,2020,118.18,95.8,116.37,10437.0,111.56,9999.0,94.39,438.0,95.86663229354644,4.19660822075309,-1.4099999999999966,0.011149755676918656,-26.386554621848735,-8.07514831905075,-1.0379534493604514
Sangrur,2021,130.39,94.07,126.22,11009.0,119.5,10356.0,91.65,653.0,94.67596260497544,5.931510582250886,-2.4199999999999875,0.011465164865110363,49.08675799086757,7.117246324847604,-2.902849878165059
Sangrur,2022,132.54,97.09,128.34,11079.0,123.89,10757.0,93.48,322.0,96.53264765466729,2.9063994945392184,-3.6099999999999994,0.011584077985377741,-50.68912710566615,3.673640167364023,1.9967266775777315
Shri Muktsar Sahib,2010,813.69,100.0,813.69,766.0,813.69,766.0,100.0,0.0,100.0,0.0,0.0,1.0622584856396868,,,
Shri Muktsar Sahib,2011,813.69,100.0,1193.38,766.0,813.69,766.0,100.0,0.0,68.18364644958018,0.0,0.0,1.5579373368146217,,0.0,0.0
Shri Muktsar Sahib,2012,813.69,100.0,813.69,766.0,813.69,766.0,100.0,0.0,100.0,0.0,0.0,1.0622584856396868,,0.0,0.0
Shri Muktsar Sahib,2013,813.89,100.0,813.69,766.0,813.69,766.0,100.0,0.0,100.0,0.0,0.0,1.0622584856396868,,0.0,0.0
Shri Muktsar Sahib,2014,813.69,100.0,813.69,766.0,813.69,766.0,100.0,0.0,100.0,0.0,0.0,1.0622584856396868,,0.0,0.0
Shri Muktsar Sahib,2015,813.69,100.0,813.69,766.0,813.69,766.0,100.0,0.0,100.0,0.0,0.0,1.0622584856396868,,0.0,0.0
Shri Muktsar Sahib,2016,813.69,100.0,813.69,766.0,813.69,766.0,100.0,0.0,100.0,0.0,0.0,1.0622584856396868,,0.0,0.0
Shri Muktsar Sahib,2017,8.14,100.0,8.14,766.0,8.14,766.0,100.0,0.0,100.0,0.0,0.0,0.010626631853785902,,-98.99961901952832,0.0
Shri Muktsar Sahib,2018,8.14,100.0,8.14,766.0,8.14,766.0,100.0,0.0,100.0,0.0,0.0,0.010626631853785902,,0.0,0.0
Shri Muktsar Sahib,2019,8.14,100.0,8.14,766.0,8.14,766.0,100.0,0.0,100.0,0.0,0.0,0.010626631853785902,,0.0,0.0
Shri Muktsar Sahib,2020,8.14,100.0,8.14,766.0,8.14,766.0,100.0,0.0,100.0,0.0,0.0,0.010626631853785902,,0.0,0.0
Shri Muktsar Sahib,2021,8.14,100.0,8.14,766.0,8.14,766.0,100.0,0.0,100.0,0.0,0.0,0.010626631853785902,,0.0,0.0
Shri Muktsar Sahib,2022,8.14,100.0,8.14,766.0,8.14,766.0,100.0,0.0,100.0,0.0,0.0,0.010626631853785902,,0.0,0.0
Tarn Taran,2010,1683.02,24.55,1672.51,721.0,1540.59,177.0,91.54,544.0,92.11245373719738,75.4507628294036,66.99000000000001,2.3197087378640777,,,
Tarn Taran,2011,2674.9,16.02,813.69,1205.0,2375.73,193.0,88.82,1012.0,291.96991483243005,83.98340248962656,72.8,0.6752614107883818,86.02941176470588,54.209101707787276,-2.97137863229191
Tarn Taran,2012,3445.69,5.02,3371.69,1567.0,3200.03,439.0,92.87,1128.0,94.90878461543025,71.98468410976388,87.85000000000001,2.151684747925973,11.462450592885375,34.69670375000526,4.559783832470177
Tarn Taran,2013,4742.48,29.83,4660.04,2038.0,4546.04,608.0,95.86,1430.0,97.55366906721831,70.16683022571148,66.03,2.28657507360157,26.773049645390067,42.062418164829694,3.2195542155701418
Tarn Taran,2014,5251.97,37.09,4874.04,2130.0,4772.04,790.0,90.86,1340.0,97.90728020287072,62.91079812206573,53.769999999999996,2.288281690140845,-6.2937062937062915,4.971359688872079,-5.215939912372214
Tarn Taran,2015,6808.43,79.49,5642.25,2418.0,6141.62,1922.0,90.2,496.0,108.85054721077584,20.512820512820515,10.710000000000008,2.333436724565757,-62.98507462686567,28.70009471840136,-0.7263922518159771
Tarn Taran,2016,7346.49,94.58,5895.65,2474.0,6786.38,2340.0,92.38,134.0,115.1082577832809,5.416329830234438,-2.200000000000003,2.3830436540016167,-72.98387096774194,10.49820731337987,2.4168514412416853
Tarn Taran,2017,73.0,86.87,72.16,2932.0,71.75,2550.0,98.29,382.0,99.43181818181819,13.028649386084584,11.420000000000002,0.02461118690313779,185.07462686567163,-98.94273530217878,6.397488633903459
Tarn Taran,2018,80.63,85.89,79.75,3098.0,79.08,2661.0,98.08,437.0,99.15987460815047,14.105874757908328,12.189999999999998,0.025742414460942543,14.39790575916231,10.21602787456446,-0.2136534744124563
Tarn Taran,2019,85.23,87.68,83.77,3189.0,83.72,2796.0,98.23,393.0,99.94031276113168,12.323612417685794,10.549999999999997,0.026268422703041704,-10.068649885583525,5.867475973697522,0.1529363784665616
Tarn Taran,2020,90.35,90.82,85.33,3224.0,84.59,2928.0,93.63,296.0,99.13277862416501,9.181141439205955,2.8100000000000023,0.02646712158808933,-24.68193384223919,1.039178213091252,-4.682887101700095
Tarn Taran,2021,94.92,86.63,90.33,3387.0,88.97,2934.0,93.73,453.0,98.49440938780029,13.37466784765279,7.1000000000000085,0.0266696191319752,53.04054054054055,5.177917011467081,0.1068033749866526
Tarn Taran,2022,95.64,89.04,92.69,3402.0,91.67,3029.0,95.86,373.0,98.89955766533608,10.96413874191652,6.819999999999993,0.027245737801293357,-17.660044150110377,3.0347308081375868,2.2724847967566353
